{
  "model_name": "XGBoost",
  "accuracy": 0.858,
  "roc_auc": 0.8540852100174134,
  "churn_rate": 0.2037,
  "customer_id_col": "CustomerId",
  "target_col": "Exited",
  "numerical_cols": [
    "RowNumber",
    "CreditScore",
    "Age",
    "Tenure",
    "Balance",
    "NumOfProducts",
    "HasCrCard",
    "IsActiveMember",
    "EstimatedSalary"
  ],
  "categorical_cols": [
    "Surname",
    "Geography",
    "Gender"
  ],
  "feature_cols": [
    "Surname",
    "Geography",
    "Gender",
    "RowNumber",
    "CreditScore",
    "Age",
    "Tenure",
    "Balance",
    "NumOfProducts",
    "HasCrCard",
    "IsActiveMember",
    "EstimatedSalary"
  ],
  "feature_importance": {
    "NumOfProducts": 0.29956987500190735,
    "IsActiveMember": 0.16484466195106506,
    "Age": 0.15525956451892853,
    "Geography": 0.08152216672897339,
    "Balance": 0.057385120540857315,
    "Gender": 0.047395896166563034,
    "CreditScore": 0.035908959805965424,
    "RowNumber": 0.03328219801187515,
    "EstimatedSalary": 0.03324892371892929,
    "Tenure": 0.03210735321044922,
    "Surname": 0.03178899362683296,
    "HasCrCard": 0.02768629789352417
  },
  "training_date": "2026-02-24"
}