{
  "model_name": "XGBoost",
  "accuracy": 0.7965,
  "roc_auc": 0.7767939643763463,
  "precision": 0.5318471337579618,
  "recall": 0.15108564535585042,
  "churn_rate": 0.20725,
  "customer_id_col": "customer_id",
  "target_col": "churn",
  "numerical_cols": [
    "age",
    "tenure_months",
    "total_orders",
    "avg_order_value",
    "total_spent",
    "last_purchase_days",
    "discount_usage_rate",
    "cart_abandon_rate",
    "return_count",
    "refund_amount",
    "app_sessions_per_month",
    "email_open_rate",
    "push_click_rate",
    "loyalty_points",
    "avg_delivery_delay_days",
    "support_tickets_last_6m"
  ],
  "categorical_cols": [
    "gender",
    "city_tier",
    "state",
    "income_level",
    "preferred_category",
    "complaint_flag",
    "payment_mode"
  ],
  "feature_cols": [
    "gender",
    "city_tier",
    "state",
    "income_level",
    "preferred_category",
    "complaint_flag",
    "payment_mode",
    "age",
    "tenure_months",
    "total_orders",
    "avg_order_value",
    "total_spent",
    "last_purchase_days",
    "discount_usage_rate",
    "cart_abandon_rate",
    "return_count",
    "refund_amount",
    "app_sessions_per_month",
    "email_open_rate",
    "push_click_rate",
    "loyalty_points",
    "avg_delivery_delay_days",
    "support_tickets_last_6m"
  ],
  "known_binary_fields": [],
  "categorical_values": {
    "gender": [
      "Female",
      "Male",
      "Other"
    ],
    "city_tier": [
      "Tier 1",
      "Tier 2",
      "Tier 3"
    ],
    "state": [
      "Delhi",
      "Gujarat",
      "Haryana",
      "Karnataka",
      "Kerala",
      "Madhya Pradesh",
      "Maharashtra",
      "Punjab",
      "Rajasthan",
      "Tamil Nadu",
      "Uttar Pradesh",
      "West Bengal"
    ],
    "income_level": [
      "High",
      "Low",
      "Medium"
    ],
    "preferred_category": [
      "Beauty",
      "Books",
      "Electronics",
      "Fashion",
      "Home & Kitchen",
      "Sports"
    ],
    "complaint_flag": [
      "No",
      "Yes"
    ],
    "payment_mode": [
      "Cash on Delivery",
      "Credit Card",
      "Debit Card",
      "UPI",
      "Wallet"
    ]
  },
  "feature_importance": {
    "complaint_flag": 0.42840009927749634,
    "last_purchase_days": 0.19434958696365356,
    "email_open_rate": 0.06411720812320709,
    "cart_abandon_rate": 0.03439294919371605,
    "avg_delivery_delay_days": 0.03330090641975403,
    "discount_usage_rate": 0.015309383161365986,
    "avg_order_value": 0.0150938481092453,
    "support_tickets_last_6m": 0.014694437384605408,
    "payment_mode": 0.01464388333261013,
    "refund_amount": 0.014581759460270405,
    "total_spent": 0.014508276246488094,
    "loyalty_points": 0.014406564645469189,
    "tenure_months": 0.013984762132167816,
    "push_click_rate": 0.013777578249573708,
    "app_sessions_per_month": 0.01375703327357769,
    "preferred_category": 0.013478859327733517,
    "state": 0.013424879871308804,
    "income_level": 0.013380952179431915,
    "age": 0.013148298487067223,
    "gender": 0.012747913599014282,
    "total_orders": 0.012452933937311172,
    "return_count": 0.011193916201591492,
    "city_tier": 0.010854045860469341
  },
  "training_date": "2026-02-25"
}